Min,Max,Mean,Median,Std,Label
500.0,1204.0,830.2,850.0,182.40383767892607,1
308.0,912.0,458.1224489795918,436.0,111.66549281294988,1
388.0,1080.0,810.2439024390244,856.0,144.22488883816388,1
400.0,1684.0,765.0555555555555,762.0,250.0879783467815,1
304.0,720.0,452.0,440.0,99.51265864586892,1
440.0,852.0,618.4,536.0,160.25180186194476,1
372.0,1476.0,782.304347826087,842.0,205.06773743721402,1
352.0,692.0,454.44444444444446,460.0,67.48351421908927,1
304.0,1464.0,473.9194001874414,436.0,149.89657499219877,1
328.0,1228.0,614.7255813953489,564.0,171.38856721934283,1
476.0,1700.0,789.0526315789474,836.0,225.077641267048,1
364.0,812.0,574.6666666666666,548.0,183.86468454334081,1
392.0,1760.0,798.3537906137184,824.0,194.11516668435465,1
520.0,552.0,536.0,536.0,16.0,1
312.0,1208.0,576.3626062322946,560.0,106.81101876297636,1
424.0,1120.0,663.3725490196078,608.0,175.89903083975548,1
412.0,1068.0,640.7757575757576,624.0,142.94420829481737,1
312.0,2392.0,623.7252525252525,588.0,173.80557252020907,1
364.0,1448.0,784.2474226804123,816.0,205.47541207547008,1
308.0,1004.0,464.01393728222996,448.0,109.73493474419683,1
376.0,1268.0,702.3529411764706,688.0,205.82524698216943,1
452.0,852.0,581.3793103448276,548.0,119.56369354163279,1
336.0,1408.0,741.2075471698113,728.0,195.16044279926777,1
460.0,1392.0,768.955223880597,808.0,209.02056121354303,1
328.0,644.0,481.14285714285717,468.0,117.88060372552339,1
352.0,2052.0,772.2597402597403,828.0,183.5088307863028,1
356.0,512.0,428.8888888888889,404.0,57.18672037854873,1
576.0,1084.0,820.0,804.0,167.4873129523547,1
376.0,588.0,498.4,500.0,71.13255232311013,1
328.0,1272.0,493.1203007518797,432.0,137.26522655049848,1
308.0,1244.0,496.35668789808915,448.0,176.68792931635156,1
308.0,1212.0,513.0871794871795,468.0,127.90744887089294,1
496.0,1332.0,769.0,692.0,271.26923894905593,1
376.0,2044.0,792.5539229276407,792.0,170.15967424322747,1
312.0,2572.0,552.789401598725,508.0,150.15540222822852,1
436.0,780.0,608.0,608.0,172.0,1
348.0,2520.0,672.5813353006271,660.0,148.94375913266347,1
464.0,1220.0,575.5555555555555,510.0,135.36817650347714,1
396.0,1604.0,774.2314122305323,780.0,179.34034952190032,1
464.0,500.0,473.6,468.0,13.52922762023021,1
384.0,680.0,516.5714285714286,520.0,98.2691015860561,1
404.0,788.0,561.7142857142857,520.0,140.03847867712676,1
380.0,1364.0,631.8563218390805,588.0,190.08431898003403,1
368.0,1572.0,747.9272727272727,716.0,274.6263481066232,1
360.0,1860.0,681.5272727272727,624.0,236.24639329968073,1
352.0,1612.0,687.0147783251232,656.0,189.4460027526076,1
332.0,2648.0,722.6207809397749,696.0,217.46390605139064,1
344.0,1292.0,729.475935828877,736.0,194.01252291175462,1
396.0,1292.0,697.0545454545454,688.0,180.72474481495263,1
352.0,1208.0,714.4602960969045,760.0,170.34964668237907,1
344.0,1296.0,592.3428571428572,472.0,261.41132808082284,1
304.0,404.0,334.85714285714283,328.0,30.740520357286318,1
344.0,10832.0,603.922480620155,568.0,461.69468102510103,1
320.0,468.0,394.0,394.0,74.0,1
524.0,920.0,697.3333333333334,664.0,148.0840602120596,1
348.0,1324.0,713.8303571428571,752.0,154.577788345779,1
404.0,4392.0,706.7535211267606,672.0,250.8616050374546,1
452.0,952.0,663.5675675675676,668.0,134.0553618070475,1
392.0,1208.0,626.1178671655753,588.0,113.72810349077388,1
408.0,1148.0,697.92,684.0,179.58572771798987,1
428.0,1760.0,669.4814814814815,608.0,251.13230545322054,1
456.0,1444.0,744.0,716.0,190.98615483905158,1
404.0,2068.0,776.6736842105263,712.0,329.475833858802,1
344.0,1848.0,688.3207354443309,672.0,145.61969987807748,1
328.0,2212.0,671.7245762711865,644.0,195.79851821448995,1
364.0,1196.0,775.2941176470588,816.0,194.7413864910506,1
380.0,1132.0,612.659217877095,572.0,116.12135369408085,1
376.0,1404.0,670.8849462365591,672.0,177.3760469495493,1
304.0,1056.0,464.13311148086524,444.0,118.27369870541852,1
392.0,924.0,538.3225806451613,484.0,136.80133632076377,1
560.0,956.0,738.4,734.0,127.65202701093312,1
388.0,628.0,538.4,548.0,87.5479297299485,1
376.0,876.0,535.0236220472441,520.0,117.21247041815323,1
436.0,712.0,542.3529411764706,552.0,69.97221396128322,1
312.0,3092.0,641.2137701853679,640.0,158.45812624114473,1
324.0,2044.0,684.4098073555166,656.0,195.78189419979637,1
496.0,724.0,571.2,548.0,78.92882870029176,1
316.0,2876.0,546.1566579634465,528.0,151.18127207052507,1
340.0,2628.0,528.6658624849216,504.0,154.8932331764238,1
352.0,2408.0,521.5172413793103,504.0,172.30454163114658,1
344.0,1272.0,559.2093023255813,476.0,215.61535067881988,1
324.0,1808.0,598.2425106990014,564.0,166.1193337854441,1
344.0,924.0,526.3529411764706,508.0,138.10862782456704,1
424.0,1044.0,604.0,560.0,135.03297657203873,1
328.0,756.0,485.4117647058824,492.0,110.05830477445576,1
324.0,1552.0,640.4708333333333,620.0,162.42083707447213,1
352.0,904.0,544.8515406162466,528.0,99.66708072086399,1
388.0,828.0,524.9411764705883,508.0,106.84373999016745,1
352.0,1364.0,569.975,556.0,119.65053019105264,1
356.0,1828.0,683.3697126251211,672.0,158.69686369649168,1
304.0,1900.0,604.8527629233512,576.0,157.71228140030016,1
384.0,1684.0,568.3858156028368,552.0,116.70516320177018,1
304.0,1328.0,524.0382775119617,496.0,148.57794329373613,1
332.0,1312.0,572.9347826086956,542.0,132.05053416317114,1
320.0,1072.0,544.0100166944908,524.0,110.66983745071947,1
352.0,2228.0,702.4319754035357,684.0,155.8543665542863,1
380.0,1740.0,475.0182555780933,452.0,97.60612194932968,1
316.0,1004.0,539.2475247524752,532.0,124.16879328779198,1
324.0,928.0,546.2681992337165,532.0,113.05254645845848,1
368.0,1008.0,562.199535962877,548.0,98.30388558392978,1
308.0,1040.0,551.4128440366973,522.0,140.46353217731627,1
304.0,1332.0,518.6169491525424,432.0,199.00426462728095,1
380.0,988.0,517.2280701754386,506.0,96.8299318562877,1
308.0,752.0,425.8705035971223,404.0,80.70666617135534,1
304.0,1408.0,538.261569416499,508.0,126.47508718328615,1
380.0,2116.0,749.1028806584362,724.0,202.20391072957898,1
380.0,928.0,534.5365853658536,508.0,106.57996674759055,1
380.0,848.0,512.2086956521739,500.0,79.0074840320921,1
344.0,868.0,524.2352941176471,544.0,122.41084602645917,1
336.0,1092.0,546.4249628528975,520.0,108.56334871600997,1
388.0,728.0,530.3703703703703,508.0,77.70225610345254,1
376.0,2412.0,750.3201426024956,732.0,191.14905431841555,1
380.0,1212.0,553.088,536.0,117.80322684884317,1
320.0,2340.0,757.4077253218884,700.0,272.3167988029319,1
336.0,972.0,546.8,524.0,116.92117002493603,1
376.0,908.0,551.9047619047619,524.0,120.4356792419386,1
312.0,6024.0,733.6816266715516,688.0,301.1090943409786,1
372.0,956.0,554.1818181818181,524.0,127.57793131380667,1
368.0,1024.0,550.434250764526,520.0,113.00940850647343,1
332.0,1268.0,550.8077753779697,528.0,150.6511560694861,1
340.0,860.0,495.8709677419355,484.0,125.59631747618879,1
308.0,1560.0,614.6583850931677,572.0,170.02795187047292,1
376.0,1048.0,548.9402390438247,516.0,125.46369935133802,1
304.0,1444.0,601.6913767019668,576.0,156.537830399599,1
436.0,1156.0,726.3655913978495,726.0,207.62226789984751,1
372.0,956.0,550.7081712062256,524.0,109.4149121791054,1
316.0,1628.0,526.2222222222222,456.0,264.1639969487716,1
356.0,1164.0,538.9349112426036,508.0,125.04541858940384,1
364.0,1108.0,532.8,508.0,111.28117150010051,1
304.0,2928.0,620.3560387294037,592.0,167.42226657812418,1
360.0,1448.0,636.2461538461539,596.0,203.62968128588648,1
316.0,928.0,485.8076923076923,452.0,128.17881717194004,1
304.0,1176.0,582.9683257918552,520.0,195.5316777552791,1
332.0,1128.0,553.1497326203208,536.0,111.34233973460216,1
364.0,936.0,557.7142857142857,516.0,144.7865893741027,1
388.0,956.0,528.3841807909605,504.0,96.06088805038948,1
304.0,1144.0,579.8095238095239,518.0,165.99989071930398,1
380.0,1228.0,562.0449438202247,534.0,134.25599479113174,1
384.0,884.0,547.1192660550458,520.0,105.04395975985545,1
352.0,1308.0,544.0062695924765,520.0,120.10476079534851,1
440.0,1780.0,774.8974545454546,720.0,193.9417129703775,1
384.0,816.0,535.3333333333334,518.0,92.1231060411375,1
304.0,1440.0,595.710843373494,544.0,194.726903613381,1
368.0,1140.0,544.0168067226891,516.0,103.39026035377542,1
380.0,916.0,534.8489208633093,508.0,94.15400774844615,1
364.0,1252.0,554.6459143968872,528.0,128.22343063668862,1
388.0,908.0,616.2941176470588,542.0,154.97751818205282,1
384.0,836.0,560.4615384615385,548.0,105.4031202169997,1
400.0,1416.0,598.8333333333334,524.0,156.60864764922312,1
380.0,940.0,550.204334365325,532.0,105.65904792519125,1
360.0,1044.0,550.5333333333333,524.0,121.2739048600316,1
384.0,892.0,536.9543147208121,524.0,93.60974690108783,1
524.0,1620.0,834.9902912621359,782.0,204.59457874859055,1
328.0,4000.0,687.4851959609789,672.0,149.72065463961422,1
408.0,1092.0,558.9918699186992,528.0,113.99568498002186,1
364.0,1524.0,770.3952662721894,796.0,169.11061462129402,1
380.0,1184.0,556.7954545454545,524.0,130.49835936716087,1
484.0,1068.0,747.3333333333334,744.0,91.60834508323403,1
352.0,1148.0,539.2178770949721,516.0,109.01782189378643,1
332.0,1388.0,584.6168224299065,560.0,157.66945459811654,1
472.0,1604.0,811.9215686274509,768.0,185.47066182428802,1
376.0,1436.0,555.026706231454,532.0,117.49068729613109,1
376.0,1072.0,531.7300613496933,508.0,107.20235217120555,1
388.0,896.0,531.9540229885057,516.0,104.03093130277942,1
392.0,1268.0,563.3650793650794,524.0,138.1955483154217,1
376.0,728.0,538.1923076923077,524.0,89.85608974301812,1
412.0,1144.0,563.7647058823529,520.0,125.02024749510387,1
448.0,1268.0,787.1836734693877,808.0,179.99905594643454,1
392.0,968.0,554.9795918367347,540.0,103.11973552921728,1
368.0,1492.0,738.7482868889904,768.0,171.56189797280985,1
396.0,1000.0,566.5957446808511,534.0,124.44765789825193,1
408.0,1024.0,540.6349206349206,516.0,109.2245831953597,1
356.0,1052.0,537.4202898550725,504.0,118.64823246295181,1
336.0,1328.0,540.5141388174807,520.0,109.10179172179612,1
372.0,1056.0,557.9215686274509,528.0,132.8785149332756,1
384.0,976.0,557.5730337078652,528.0,124.2420515071557,1
348.0,1000.0,549.9060402684564,528.0,110.29194584927703,1
348.0,1012.0,522.2164948453608,500.0,103.37358202112782,1
356.0,1012.0,558.2164948453608,528.0,115.84380942255102,1
384.0,1284.0,733.5126050420168,696.0,177.99102354602508,1
348.0,1232.0,515.7216699801193,492.0,115.5512764217611,1
396.0,1132.0,571.4621848739496,532.0,136.11850928516753,1
388.0,920.0,567.1182795698925,548.0,97.9031614438269,1
408.0,1012.0,554.583850931677,520.0,116.82713029407154,1
324.0,792.0,475.8666666666667,438.0,119.20395220890211,1
376.0,1444.0,600.4884792626729,576.0,137.00207239170814,1
376.0,1208.0,581.5932203389831,532.0,165.56847307404297,1
368.0,1436.0,721.5356679636835,744.0,154.85384000022674,1
364.0,872.0,565.7142857142857,542.0,114.27999985713572,1
312.0,844.0,472.2167487684729,448.0,122.57545103857976,1
384.0,1136.0,589.0852017937219,572.0,123.32583589398578,1
336.0,808.0,475.3333333333333,406.0,156.34861332576278,1
308.0,1068.0,566.9230769230769,536.0,127.80848199104089,1
340.0,948.0,548.2,512.0,146.3829225012262,1
388.0,1108.0,607.424,576.0,141.17468690951648,1
372.0,960.0,553.2786885245902,536.0,117.83096132791398,1
384.0,1224.0,595.8746736292428,576.0,131.57025130930327,1
324.0,1580.0,619.0777739370895,612.0,163.75036380310596,1
364.0,1520.0,616.8571428571429,504.0,278.6300304661201,1
372.0,896.0,586.3255813953489,580.0,112.9996338603314,1
372.0,1376.0,692.8521607278241,700.0,168.0265380573572,1
364.0,1036.0,563.8153846153846,536.0,120.18808665408572,1
452.0,928.0,593.1578947368421,582.0,110.31403172565068,1
400.0,1060.0,582.6633663366337,572.0,103.46317824247483,1
372.0,564.0,477.8181818181818,464.0,60.67172200654659,1
368.0,908.0,549.8810810810811,532.0,107.53657790733557,1
312.0,3060.0,671.1371377352854,644.0,204.72002207317078,1
368.0,1024.0,578.5386346586647,560.0,101.89002080341892,1
408.0,820.0,545.7142857142857,528.0,111.42710621747295,1
380.0,968.0,565.8647686832741,540.0,117.49604159622906,1
348.0,1144.0,662.4,716.0,226.89463046386382,1
372.0,1100.0,733.4545454545455,684.0,216.86877625813838,1
304.0,1764.0,578.3841721926296,512.0,160.46110801397123,1
404.0,1016.0,588.2558139534884,560.0,115.44546543478336,1
352.0,1188.0,583.0555555555555,558.0,151.5409633737588,1
372.0,852.0,527.9574468085107,524.0,99.36735142717365,1
364.0,1132.0,539.5126050420168,516.0,110.69572692186439,1
328.0,948.0,597.2,582.0,131.98040258563643,1
380.0,904.0,555.5522388059702,528.0,108.96600641800745,1
364.0,1084.0,541.0370370370371,520.0,116.13540584460775,1
304.0,1260.0,517.0062893081761,492.0,148.72402777773343,1
396.0,904.0,504.8135593220339,488.0,93.91457975586674,1
356.0,852.0,533.1304347826087,518.0,107.5842660016571,1
332.0,832.0,495.125,446.0,140.08473997905696,1
380.0,968.0,564.3098591549295,538.0,121.5774941586462,1
384.0,1088.0,565.8064516129032,532.0,136.90215154686808,1
432.0,904.0,545.3333333333334,532.0,91.40872800534724,1
428.0,1376.0,685.2746823069403,676.0,124.5433881702378,1
376.0,868.0,525.1935483870968,510.0,105.91534031109659,1
432.0,1272.0,674.8656716417911,652.0,151.404656518859,1
420.0,1512.0,723.9446494464945,704.0,147.86883548696778,1
324.0,816.0,466.54545454545456,452.0,116.16839681571224,1
348.0,1052.0,518.4080604534005,500.0,101.28984142218488,1
368.0,964.0,533.7204301075269,508.0,108.60507182273514,1
532.0,1676.0,860.0,874.0,185.24863689448395,1
448.0,1388.0,709.5941605839416,688.0,144.3271384238226,1
424.0,636.0,498.6666666666667,436.0,97.23282481869084,1
356.0,1288.0,734.3269639065818,808.0,173.06848323325363,1
400.0,556.0,466.6666666666667,468.0,53.36665625650534,1
328.0,1424.0,648.2468147836158,628.0,136.0303210049898,1
356.0,872.0,526.88,510.0,94.50516176378939,1
464.0,1684.0,724.0552486187845,708.0,158.0269130081422,1
576.0,1468.0,882.75,878.0,152.17286340587424,1
420.0,852.0,548.1951219512196,508.0,116.88627358169305,1
304.0,1804.0,474.4124700239808,432.0,161.0552510701104,1
416.0,1232.0,696.2361904761905,708.0,179.91499957258097,1
424.0,852.0,546.2222222222222,522.0,96.73994668155765,1
396.0,1408.0,742.4888888888889,724.0,155.77342837484935,1
384.0,1048.0,548.6984126984127,524.0,112.00008998304703,1
404.0,892.0,529.472,508.0,92.55351541675769,1
360.0,852.0,639.6666666666666,644.0,143.81894481913324,1
376.0,1592.0,722.9048414023372,760.0,154.3448659132116,1
512.0,908.0,719.6,712.0,112.59769091770931,1
372.0,752.0,518.6849315068494,508.0,71.70427791680669,1
304.0,756.0,414.9268292682927,400.0,85.02751068256255,1
384.0,992.0,516.032,502.0,66.21950600842625,1
412.0,1084.0,679.5463917525773,688.0,127.19447085001612,1
440.0,1200.0,598.0,578.0,136.40527849024025,1
388.0,840.0,536.3243243243244,524.0,90.55923969873936,1
316.0,804.0,479.8787878787879,460.0,127.12765180351683,1
380.0,1144.0,661.5294117647059,630.0,175.90643156053125,1
388.0,1144.0,632.0,588.0,161.63936272483122,1
388.0,1160.0,621.1533742331288,596.0,141.43573982867446,1
316.0,1184.0,649.5965201034563,652.0,121.54668997353092,1
416.0,984.0,536.2142857142857,500.0,100.06403561964606,1
412.0,876.0,555.1111111111111,484.0,167.62686369463208,1
512.0,1284.0,826.0640569395018,848.0,193.12779357502353,1
392.0,892.0,536.6711409395973,504.0,103.98492682153893,1
388.0,844.0,524.5,508.0,97.07871195988065,1
384.0,700.0,496.45454545454544,500.0,66.16352144685116,1
308.0,1124.0,521.3802816901408,512.0,125.92423009041711,1
324.0,696.0,493.04761904761904,484.0,93.33221573674903,1
360.0,2188.0,548.7272727272727,472.0,171.3527653544429,1
368.0,1048.0,519.0,492.0,120.54459755625716,1
364.0,996.0,522.4857768052516,504.0,93.82912162361512,1
308.0,1248.0,544.2534653465347,524.0,104.25264650440722,1
388.0,924.0,542.1224489795918,518.0,106.38429235234223,1
360.0,1012.0,510.6666666666667,504.0,90.07954699222675,1
364.0,816.0,521.9607843137255,496.0,94.73802077190028,1
384.0,1012.0,534.9866666666667,516.0,116.33715294589067,1
368.0,872.0,528.2564102564103,510.0,107.89042826029872,1
364.0,1040.0,522.972972972973,516.0,94.26830211186221,1
352.0,1840.0,699.8974358974359,684.0,226.45810105157844,1
